oai_id;title;creator;year;language;publisher;subjects;e-rara_oai_sets;title_len
oai:www.e-rara.ch:3750151;Unglükliche Schiffs-Leute, oder, Merkwirdige Reise zwenzig Holländeren ...;Struys, Jan Janszoon;1679;ger;bey Heinrich Müller;;['zuz', 'book', 'ch', 'ch17', 'collections', 'nagezh'];74
oai:www.e-rara.ch:7536310;['Voyage aux régions équinoxiales du Nouveau Continent, fait en 1799, 1800, 1801, 1802, 1803 et 1804 / 4 Astronomie', 'Voyage de Humboldt et Bonpland / 4 Astronomie'];Humboldt, Alexander von;1810;fre;Schoell;;['zuz', 'book', 'collections', 'nagezh'];166
oai:www.e-rara.ch:7537651;"[""Voyage aux régions équinoxiales du Nouveau Continent, fait en 1799, 1800, 1801, 1802, 1803 et 1804 / 5 Essai sur la géographie des plantes : accompagné d'un tableau physique des régions équinoxiales, fondé sur des mesures exécutées, depuis le dixième degré de latitute boréale jusqu'au dixième degré de latitute australe, pendant les années 1799, 1800, 1801, 1802 et 1803"", ""Voyage de Humboldt et Bonpland / 5 Essai sur la géographie des plantes : accompagné d'un tableau physique des régions équinoxiales, fondé sur des mesures exécutées, depuis le dixième degré de latitute boréale jusqu'au dixième degré de latitute australe, pendant les années 1799, 1800, 1801, 1802 et 1803""]";Humboldt, Alexander von;1805;fre;Schoell;['Botany', 'Phytogeography'];['zuz', 'book', 'collections', 'nagezh'];682
oai:www.e-rara.ch:7537842;"[""Voyage aux régions équinoxiales du Nouveau Continent, fait en 1799, 1800, 1801, 1802, 1803 et 1804 / 2 Recueil d'observations de zoologie et d'anatomie comparée, faites dans l'océan Atlantique, dans l'interieur du Nouveau Continent et dans la mer du Sud pendant les années 1799, 1800, 1801, 1802 et 1803"", ""Voyage de Humboldt et Bonpland / 2 Recueil d'observations de zoologie et d'anatomie comparée, faites dans l'océan Atlantique, dans l'interieur du Nouveau Continent et dans la mer du Sud pendant les années 1799, 1800, 1801, 1802 et 1803""]";Humboldt, Alexander von;['1811', '1833'];fre;Schoell;;['zuz', 'book', 'collections', 'nagezh'];546
oai:www.e-rara.ch:7538670;['Voyage aux régions équinoxiales du Nouveau Continent, fait en 1799, 1800, 1801, 1802, 1803 et 1804 / 3 Essai politique sur le royaume de la Nouvelle-Espagne', 'Voyage de Humboldt et Bonpland / 3 Essai politique sur le royaume de la Nouvelle-Espagne'];Humboldt, Alexander von;1811;fre;Schoell;;['zuz', 'book', 'collections', 'nagezh'];252
oai:www.e-rara.ch:7539760;['Voyage aux régions équinoxiales du Nouveau Continent, fait en 1799, 1800, 1801, 1802, 1803 et 1804 / 3 Nova genera et species plantarum : quas in peregrinatione ad plagam aequinoctialem orbis novi collegerunt', 'Voyage de Humboldt et Bonpland / 3 Nova genera et species plantarum : quas in peregrinatione ad plagam aequinoctialem orbis novi collegerunt'];Bonpland, Aimé;['1815', '1825'];lat;Sumtibus Librariae Graeco-Latino-Germanico;['Scientific expeditions', 'Botany'];['zuz', 'book', 'collections', 'nagezh'];356
oai:www.e-rara.ch:7587131;['Voyage aux régions équinoxiales du Nouveau Continent, fait en 1799, 1800, 1801, 1802, 1803 et 1804 / 1 Relation historique', 'Voyage de Humboldt et Bonpland / 1 Relation historique'];Humboldt, Alexander von;['1814', '1834'];fre;Schoell;;['zuz', 'book', 'collections', 'nagezh'];184
oai:www.e-rara.ch:7881843;Bruchstücke aus einigen Reisen nach dem südlichen Russland, in den Jahren 1822-1828 : mit besonderer Rücksicht auf die Nogayen-Tataren am Asowschen Meere;Schlatter, Daniel;1830;ger;Huber und Comp.;['Reisebericht', 'Geschichte', 'Nogaier', 'Tataren', 'Krimtataren'];['zuz', 'book', 'ch', 'ch19', 'collections', 'nagezh'];153
oai:www.e-rara.ch:8511908;Reise durch Russland, wie auch durch unterschiedliche europäische und asiatische Provinzen von 1770-1780;Fries, Jacob;1790;ger;[s.n.];;['zuz', 'book', 'collections', 'nagezh'];104
oai:www.e-rara.ch:8832642;Reise der englischen Gesandtschaft an den Kaiser von China, in den Jahren 1792 und 1793 : mit Charten und Kupfern;Macartney, George Macartney;['1798', '1799'];ger;bey Heinrich Gessner;;['zuz', 'book', 'ch', 'ch18', 'collections', 'nagezh'];113
oai:www.e-rara.ch:8988516;Reise nach Paraguay : in den Jahren 1818 bis 1826;Rengger, Johann Rudolf;1835;ger;H.R. Sauerländer;;['zuz', 'book', 'collections', 'nagezh', 'ch', 'ch19'];49
oai:www.e-rara.ch:9097755;Voyage autour du monde fait dans les années MDCCXL, I, II, III, IV par George Anson ... dans la Mer du Sud;Anson, George;1750;fre;chez Barrillot et fils ...;;['zuz', 'book', 'ch', 'ch18', 'collections', 'nagezh'];106
oai:www.e-rara.ch:9098548;Historischer Versuch über die Revolution von Paraguay und die Dictatorial-Regierung von Dr. Francia : ein Abschnitt der Reise nach Paraguay;Rengger, Johann Rudolf;1827;ger;"['Tübingen', ""J. G. Cotta'schen Buchhandlung""]";;['zuz', 'book', 'collections', 'nagezh'];139
oai:www.e-rara.ch:9225786;Reise nach dem Nordpol : auf Befehl Ihro Königl. Grossbrittannischen Majestät, unternommen im Jahr 1773;Mulgrave, Constantine John Phipps;1777;ger;bey der typographischen Gesellschaft;;['zuz', 'book', 'ch', 'ch18', 'collections', 'nagezh'];103
oai:www.e-rara.ch:9280554;Reisen in den Orient;Schläfli, Alexander;1864;ger;Wurster;;['zuz', 'book', 'collections', 'nagezh', 'ch', 'ch19'];20
oai:www.e-rara.ch:9332334;Relation du voyage de Perse et des Indes orientales;Herbert, Thomas;1663;fre;Chez Jean du Puis ...;;['zuz', 'book', 'collections', 'nagezh'];51
oai:www.e-rara.ch:9717663;"[""William Bartram's Reisen durch Nord- und Süd-Karolina, Georgien, Ost- und West-Florida, das Gebiet der Tscherokesen, Krihks und Tschaktahs : nebst umständlichen Nachrichten von den Einwohnern, dem Boden und den Naturprodukten dieser wenig bekannten grossen Länder"", 'Reisen durch Nord- und Süd-Karolina, Georgien, Ost-und West-Florida, das Gebiet der Tscheroksen, Krihks und Tschaktahs']";Bartram, William;1793;ger;In der Vossischen Buchhandlung;;['zuz', 'book', 'collections', 'nagezh'];389
oai:www.e-rara.ch:9738943;Reise nach Senegambien und den Inseln des grünen Vorgebürges im Jahre 1838;Brunner, Samuel;1840;ger;Haller;;['zuz', 'book', 'ch', 'ch19', 'collections', 'nagezh'];74
oai:www.e-rara.ch:9759166;"[""Voyage aux régions équinoxiales du Nouveau Continent, fait en 1799, 1800, 1801, 1802, 1803 et 1804 / 2 Monographie des Melastomacées : comprenant toutes les plantes de cet ordre recueillies jusqu'à ce jour, et notamment au Mexique, dans l'île de Cuba, dans les provinces de Caracas, de Cumana et de Barcelone, aux Andes de la Nouvelle-Grenade, de Quito et du Pérou, et sur les bords du Rio-Negro, de l'Orénoque et de la rivière des Amazones = Alexandri de Humboldt et Amati Bonpland Monographia Melastomacearum, continens plantas hujus ordinis, hucusque collectas, praesertim per regnum Mexici, in provinciis Caracarum et Novae Andalusiae, in Peruvianorum, Quitensium, Novae Granatae Andibus, ad Oronoci, fluvii Nigri, fluminis Amazonum ripas nascentes"", ""Voyage de Humboldt et Bonpland / 2 Monographie des Melastomacées : comprenant toutes les plantes de cet ordre recueillies jusqu'à ce jour, et notamment au Mexique, dans l'île de Cuba, dans les provinces de Caracas, de Cumana et de Barcelone, aux Andes de la Nouvelle-Grenade, de Quito et du Pérou, et sur les bords du Rio-Negro, de l'Orénoque et de la rivière des Amazones = Alexandri de Humboldt et Amati Bonpland Monographia Melastomacearum, continens plantas hujus ordinis, hucusque collectas, praesertim per regnum Mexici, in provinciis Caracarum et Novae Andalusiae, in Peruvianorum, Quitensium, Novae Granatae Andibus, ad Oronoci, fluvii Nigri, fluminis Amazonum ripas nascentes""]";Humboldt, Alexander von;['1816', '1823'];fre;librairie Grecque-Latine-Allemande;;['zuz', 'book', 'collections', 'nagezh'];1444
oai:www.e-rara.ch:9773602;['D. Friedrich Hasselquists ... Reise nach Palästina in den Jahren von 1749 bis 1752', 'Reise nach Palästina in den Jahren von 1749 bis 1752'];Hasselquist, Fredrik;1762;ger;verlegts Johann Christian Koppe;;['zuz', 'book', 'collections', 'nagezh'];142
oai:www.e-rara.ch:9799094;"[""Voyage aux régions équinoxiales du Nouveau Continent, fait en 1799, 1800, 1801, 1802, 1803 et 1804 / 1 Plantes équinoxiales : recueillies au Mexique, dans l'île de Cuba, dans les provinces de Caracas, de Cumana et de Barcelone, aux Andes de la Nouvelle-Grenade, de Quito et du Pérou, et sur les bords du Rio-Negro, de l'Orénoque et de la rivière des Amazones = Alexandri De Humboldt et Amati Bonpland plantae aequinoctiales per regnum Mexici, in provinciis caracarum et Novae Andalusiae, in Peruvianorum, Quitensium, Novae Granatae Andibus, ad Orenoci, Fluvii Nigri, Fluminis Amazonum ripas nascentes in ordinem digessit Amatus Bonpland"", ""Voyage de Humboldt et Bonpland / 1 Plantes équinoxiales : recueillies au Mexique, dans l'île de Cuba, dans les provinces de Caracas, de Cumana et de Barcelone, aux Andes de la Nouvelle-Grenade, de Quito et du Pérou, et sur les bords du Rio-Negro, de l'Orénoque et de la rivière des Amazones = Alexandri De Humboldt et Amati Bonpland plantae aequinoctiales per regnum Mexici, in provinciis caracarum et Novae Andalusiae, in Peruvianorum, Quitensium, Novae Granatae Andibus, ad Orenoci, Fluvii Nigri, Fluminis Amazonum ripas nascentes in ordinem digessit Amatus Bonpland""]";Humboldt, Alexander von;['1805', '1809'];fre;F. Schoell;Botany;['zuz', 'book', 'collections', 'nagezh'];1212
oai:www.e-rara.ch:9825883;Aenmerkelyke voyagie gedaan na't gedeelte van Noorder America : behelzende een nieuwe ontdekkinge van een seer groot land, gelegen tusschen Nieuw Mexico en de Ys-zee ...;Hennepin, Louis;1704;dut;by Pieter vander Aa;;['zuz', 'book', 'collections', 'nagezh'];169
oai:www.e-rara.ch:9844814;"['Voyage aux régions équinoxiales du Nouveau Continent, fait en 1799, 1800, 1801, 1802, 1803 et 1804 / 5 Révision des graminées publiées dans les ""Nova genera et species plantarum"" de Humboldt et Bonpland : précédée d\'un travail général sur la famille des graminées', 'Voyage de Humboldt et Bonpland / 5 Révision des graminées publiées dans les ""Nova genera et species plantarum"" de Humboldt et Bonpland : précédée d\'un travail général sur la famille des graminées']";Kunth, Karl Sigismund;1829;fre;Gide;;['zuz', 'book', 'collections', 'nagezh'];468
oai:www.e-rara.ch:9846948;Second voyage dans l'intérieur de l'Afrique : par le Cap de Bonne-Espérance, dans les années 1783, 84 et 85;Le Vaillant, François;['1795', '1796'];fre;chez H.J. Jansen et compe ...;;['zuz', 'book', 'collections', 'nagezh'];107
oai:www.e-rara.ch:9847659;['Peter Loeflings Sr. Königl. Majestät in Spanien Botanisten Reise nach den spanischen Ländern in Europa und America in den Jahren 1751 bis 1756 : nebst Beobachtungen und Anmerkungen über die merkwürdigen Gewächse', 'Reise nach den spanischen Ländern in Europa und America in den Jahren 1751 bis 1756'];Löfling, Peter;1766;ger;bey Gottlieb August Lange;;['zuz', 'book', 'collections', 'nagezh'];302
oai:www.e-rara.ch:9848113;['Thomas Gage Neue merckwürdige Reise-Beschreibung nach Neu Spanien : was ihm daselbst seltsames begegnet ... ein ausführlicher Bericht von der Stadt Mexico ... eine vollkommene Beschreibung aller Länder und Provinzen, welche die Spanier in gantz America besitzen ... ein kurtzer Unterricht von der Poconchischen oder Pocomanischen Sprache', 'Neue merckwürdige Reise-Beschreibung nach Neu Spanien'];Gage, Thomas;1693;ger;verlegts Johann Herbordt Kloss ...;;['zuz', 'book', 'collections', 'nagezh'];398
oai:www.e-rara.ch:9889239;"[""Herrn Follie's, Officianten bei der Administration der Kolonien, Reise in der Wüste Sahara : worin Nachrichten von seinem Schiffbruche und seiner Sklaverei, ferner von den Sitten, Gebräuchen und Meinungen des Landes enthalten sind. nebst Sir William Jones Beschreibung der Insel Hinzuan"", 'Reise in der Wüste Sahara']";Follie, Louis Guillaume;1795;ger;in der Vossischen Buchhandlung;;['zuz', 'book', 'collections', 'nagezh'];319
oai:www.e-rara.ch:9910627;Voyage à l'isle de France, à l'isle de Bourbon, au cap de Bonne-Espérance etc : avec des observations nouvelles sur la nature & sur les hommes;Bernardin de Saint-Pierre, Henri;1773;fre;de l'imprimerie de la Société typographique;;['zuz', 'book', 'collections', 'nagezh', 'ch', 'ch18'];142
oai:www.e-rara.ch:10051808;Der  Kapitaine Portlock's und Dixon's Reise um die Welt : besonders nach der nordwestlichen Küste von Amerika während der Jahre 1785 bis 1788 in den Schiffen King George und Queen Charlotte;Beresford, William;1790;ger;bei Christian Friedrich Voss und Sohn;;['zuz', 'book', 'collections', 'nagezh'];189
oai:www.e-rara.ch:10243436;['Des Herrn Peter Kalms Professors der Haushaltungskunst ... Mitgliedes der königlichen Schwedischen Akademie der Wissenschaften Beschreibung der Reise die er nach dem nördlichen Amerika auf den Befehl gedachter Akademie und öffentliche Kosten unternommen hat', 'Beschreibung der Reise die er nach dem nördlichen Amerika auf den Befehl gedachter Akademie und öffentliche Kosten unternommen hat'];Kalm, Pehr;['1754', '1764'];ger;im Verlage der Wittwe Abrams Vandenhoek;;['zuz', 'book', 'collections', 'nagezh'];395
oai:www.e-rara.ch:10260772;Nouvelle relation en forme de journal, d'un voyage fait en Egypte en 1672, & 1673;Wansleben, Johann Michael;1677;fre;chez Estienne Michallet ...;;['zuz', 'book', 'collections', 'nagezh'];81
oai:www.e-rara.ch:10274041;Wunderliche und merckwürdige Reisen Ferdinandi Mendez Pinto, welche er innerhalb ein und zwantzig Jahren durch Europa, Asia, und Africa, und deren Königreiche und Länder ... und andere Oerter verrichtet ...;Pinto, Fernão Mendes;1671;ger;bey Henrich und Dietrich Boom, Buchhändler;;['zuz', 'book', 'collections', 'nagezh'];206
oai:www.e-rara.ch:10353375;"['A  series of letters addressed to Sir William Fordyce, ... : containing a voyage and journey from England to Smyrna, from thence to Constantinople and from that place over land to England; likewise an account and description of the counties, cities, towns, and Villages, through which the author passed; together with the Treaty of Commerce between the court of Great Britain and the Sublime Porte', ""to which is prefixed a  short answer to Volney's contradictions on Ali-Bey's history and revolt ...""]";Lusignan, Sauveur;1788;eng;printed for the author, and sold by Payne and son ...;;['zuz', 'book', 'collections', 'nagezh'];504
oai:www.e-rara.ch:10367005;Die  neueste Reise um die Welt in den Jahren 1790, 1791, 1792;Marchand, Étienne;1801;ger;bei J.C. Hinrichs;;['zuz', 'book', 'collections', 'nagezh'];61
oai:www.e-rara.ch:10375972;Description physique de la contrée de la Tauride, relativement aux trois règnes de la nature : pour servir de suite à l'Histoire des découvertes faites par divers savans voyageurs dans plusieurs contrées de la Russie & de la Perse, &c. pubiée en 1779 à Berne & à la Haye : traduite du russe, et enrichie de notes;Golicyn, Dmitrij A.;1788;fre;chez J. van Cleef;;['zuz', 'book', 'collections', 'nagezh'];312
oai:www.e-rara.ch:10415082;Voyage dans la Grèce asiatique, à la péninsule de Cyzique à Brusse et à Nicée : avec des détails sur l'histoire naturelle de ces contrées;Sestini, Domenico;1789;fre;chez Leroy, libraire ...;;['zuz', 'book', 'collections', 'nagezh'];137
oai:www.e-rara.ch:10454774;Voyages dans la mer du Sud, par les Espagnols et les Hollandois;Dalrymple, Alexander;1774;fre;['chez Saillant & Nyon, libraires, ...', 'chez Pissot, libraire, ...'];;['zuz', 'book', 'collections', 'nagezh'];63
oai:www.e-rara.ch:10475993;"[""Dampierre's ehemals französischen Marquis Begebenheiten auf seinen Reisen nach Spanien, der Türkei, Russland und Persien : nebst zween authentischen Berichten von der Reise des Kardinals Tournon nach Peking, und der Lage der europäischen Missionarien in China"", 'Begebenheiten auf seinen Reisen nach Spanien, der Türkei, Russland und Persien']";Dampier, William;1794;ger;in der Weygandschen Buchhandlung;;['zuz', 'book', 'collections', 'nagezh'];345
oai:www.e-rara.ch:10494365;Voyage à Botany-Bay : avec une description du pays, des moeurs, des coutumes et de la religion des natifs;Barrington, George;['1797', '1798'];fre;chez Desenne, libraire, ...;;['zuz', 'book', 'collections', 'nagezh'];105
oai:www.e-rara.ch:10501846;Sammlung von Reisen und Entdeckungen in einer chronologischen Ordnung zusammengetragen;Barrow, John;1767;ger;bey Johann Friedrich Junius;Voyages and travels;['zuz', 'book', 'collections', 'nagezh'];86
oai:www.e-rara.ch:10503111;"['Herrn Peter Osbeck Pastors zu Hasslöf und Wortorp ... Reise nach Ostindien und China : ; Nebst O. Toreens Reise nach Suratte. und C. G. Ekebergs Nachricht von der Landwirthschaft der Chineser', 'Reise nach Ostindien und China']";Osbeck, Pehr;1765;ger;verlegts Johann Christian Koppe;;['zuz', 'book', 'collections', 'nagezh'];229
oai:www.e-rara.ch:10505464;Terra Australis cognita, or : Voyages to the Terra Australis, or Southern Hemisphere, during the sixteenth, seventeenth and eighteenth centuries : containing an account of the manners of the people, and the productions of the countries, hitherto found in the Southern latitudes : with a preface by the editor, in which some geographical, nautical and commercial questions are discussed;Brosses, Charles de;['1766', '1768'];eng;printed by A. Donaldson, and sold at his shops in London and Edinburgh;Voyages and travels;['zuz', 'book', 'collections', 'nagezh'];385
oai:www.e-rara.ch:10515136;Journal d'un voyage fait dans l'intérieur de l'Amérique septentrionale : ouvrage dans lequel on donne des détails précieux sur l'insurrection des Anglo-Américains, et sur la chute désastreuse de leur papier-monnoie;Anburey, Thomas;1793;fre;chez La Villette, libraire, ...;;['zuz', 'book', 'collections', 'nagezh'];214
oai:www.e-rara.ch:10515964;Tagebuch einer Reise nach den Hebridischen Inseln mit Doctor Samuel Johnson;Boswell, James;1787;ger;bey Christian Gottfried Donatius;;['zuz', 'book', 'collections', 'nagezh'];75
oai:www.e-rara.ch:10516517;['Edward Brown, M.D. auf genehmgehaltenes Gutachten und Veranlassung der kön. engell. medicinischen Gesellschaft in Londen Durch Niederland, Teutschland, Hungarn, Servien, Bulgarien, Macedonien, Thessalien, Oesterreich, Steurmarck, Kärnthen, Carniolen, Friaul, [et]c gethane, gantz sonderbare Reisen : worbey tausenderley merckwürdige Seltsamkeiten verschiedener Königreiche, Länder, ober- und unter-irdischer verwunderlicher Gebäue ..., benebenst einem woluntersuchten Unterschied vielerley Völker, deren Religionen, Sprach-Arten ... vorgestellet werden', 'Durch Niederland, Teutschland, Hungarn, Servien, Bulgarien, Macedonien, Thessalien, Oesterreich, Steurmarck, Kärnthen, Carniolen, Friaul, [et]c gethane, gantz sonderbare Reisen'];Browne, Edward;1711;ger;verlegts Johann Zieger ...;;['zuz', 'book', 'collections', 'nagezh'];736
oai:www.e-rara.ch:10534532;Nouveau voyage dans la haute et basse Egypte, la Syrie, le Dar-Four, où aucun Européen n'avoit pénétré : fait depuis les années 1792 jusqu'en 1798 ... : contenant des détails curieux sur diverses contrées de l'intérieur de l'Afrique, sur la Natolie, sur Constantinople et Paswan-Oglow, etc. etc. : avec des notes critiques sur les ouvrages de Savary et de Volney;Browne, William George;1800;fre;chez Dentu, imprimeur-libraire ...;;['zuz', 'book', 'collections', 'nagezh'];362
oai:www.e-rara.ch:10537805;Dänische Reisebeschreibungen und andre denkwürdige Handschriften in der Samlung zur Dänischen Geschichte;Schlegel, Johann Heinrich;1776;ger;gedruckt bey Hofbuchdrucker Nicolaus Møller;;['zuz', 'book', 'collections', 'nagezh'];104
oai:www.e-rara.ch:10579795;['Des  Isländers Franz Severin Van Dittheffts Merkwürdige und neuerliche Reisen zur See und desselben vierzigjähriger Aufenthalt auf der schwimmenden Davids-Insel : aus sehr vielen englischer und anderen Sprachen enthaltenen Nachrichten', 'Merkwürdige und neuerliche Reisen zur See'];Dittheffts, Franz Severin van;1756;ger;[Verlag nicht ermittelbar];;['zuz', 'book', 'collections', 'nagezh'];283
oai:www.e-rara.ch:10579953;Neue ost-indische Reise, worinnen umständlich beschrieben werden unterschiedene Küsten und Inseln in Ost-Indien, auf welche die holländische geoctroirte Compagnie zu handeln pfleget : insonderheit die Inseln Java Major, Sumatra und Ceilon ... : nebst dem was sich merckwürdiges auf der Reise des Herrn Paulus de Roy nach Suratte zugetragen ...;Langhanss, Christoph;1705;ger;verlegts Michael Rohrlachs seel. Wittib und Erben in Liegnitz;;['zuz', 'book', 'collections', 'nagezh'];343
oai:www.e-rara.ch:10630595;['Allgemeine Geschichte der neuesten Entdeckungen, welche von verschiedenen gelehrten Reisenden in vielen Gegenden des russischen Reichs und Persien in der Historie, Landwirthschaft und Naturgeschichte, etc. sind gemacht worden', 'Allgemeine Geschichte der neuesten Entdeckungen'];Wyttenbach, Jacob Samuel;['1777', '1786'];ger;bey der typographischen Gesellschaft;;['zuz', 'book', 'ch', 'ch18', 'collections', 'nagezh'];280
oai:www.e-rara.ch:10635642;Voyage en divers états d'Europe et d'Asie, entrepris pour découvrir un nouveau chemin à la Chine : contenant plusieurs remarques curieuses de physique, de géographie, d'hydrographie & d'histoire, avec une description de la grande Tartarie, & des différens peuples qui l'habitent;Avril, Philippe;1693;fre;chez Jean Boudot, ruë saint Jaque, au Soleil d'or;;['zuz', 'book', 'collections', 'nagezh'];278
oai:www.e-rara.ch:10646833;['Frantz Ferdinand von Troilo, Rittern des Heiligen Grabes, Orientalische Reise-Beschreibung : wie dieselbe aus Teutschland über Venedig, durch das Königreich Cypern, nach dem gelobten Lande, insonderheit der Stadt Jerusalem, von dannen in Egypten, auf den Berg Sinai, und vielen andern entlegenen Morgenländischen Orten mehr ...', 'Orientalische Reise-Beschreibung'];Troilo, Franz Ferdinand von;1733;ger;zu finden bey Heinrich Simon Hübner;;['zuz', 'book', 'collections', 'nagezh'];367
oai:www.e-rara.ch:10852785;Voyage dans les parties sud de l'Amérique septentrionale : savoir, les Carolines septentrionale et méridionale, la Georgie, les Florides orientale et occidentale, le pays de Cherokées, le vaste territoire des Muscogulges ou de la confédération Creek, et le pays des Chactaws : contenant des détails sur le sol et les productions naturelles de ces contrées, et des observations sur les moeurs des sauvages qui les habitent;Bartram, William;['1798', '1799'];fre;['chez Carteret et Brosson, ...', 'Dugour et Durand, ...'];['Voyages and travels', 'Indians of North America', 'Social life and customs', 'Cherokee Indians', 'Choctaw Indians', 'Creek Indians'];['zuz', 'book', 'collections', 'nagezh'];421
oai:www.e-rara.ch:10942415;"[""Nouveau voyage autour du monde : où l'on décrit en particulier, ... où l'on traite des différens terroirs de tous ces pais ..."", 'Voyage autour du monde']";Dampier, William;['1698', '1701'];fre;chez Paul Marret, ...;;['zuz', 'book', 'collections', 'nagezh'];156
oai:www.e-rara.ch:10944006;Voyages et découvertes faites par les Russes le long des côtes de la Mer glaciale & sur l'Océan oriental, tant vers le Japon que vers l'Amérique : on y a joint l'Histoire du fleuve Amur et des pays adjacens, depuis la conquête des Russes ...;Müller, Gerhard Friedrich;1766;fre;chez Marc Michel Rey;;['zuz', 'book', 'collections', 'nagezh'];241
oai:www.e-rara.ch:10953093;['Andreas Sparrmanns, Doctors und Prof. der Arzneygel. zu Stockholm, ... Reise nach dem Vorgebirge der Guten Hoffnung den südlichen Polarländern und um die Welt, hauptsächlich aber in den Ländern der Hottentotten und Kaffern in den Jahren 1772 bis 1776', 'Reise nach dem Vorgebirge der Guten Hoffnung den südlichen Polarländern und um die Welt, hauptsächlich aber in den Ländern der Hottentotten und Kaffern in den Jahren 1772 bis 1776'];Sparrman, Anders;1784;ger;bey Haude und Spener;;['zuz', 'book', 'collections', 'nagezh'];437
oai:www.e-rara.ch:11004298;"[""Des  Herrn Mackintosh's Reisen durch Europa, Asia und Africa : worinnen die Charaktere, Gebräuche, Sitten und Gesetze der Bewohner dieser Länder, nebst den darinnen vorhandenen Natur- und Kunst-Producten beschrieben werden"", 'Reisen durch Europa, Asia und Africa']";Macintosh, William;1785;ger;bey Friedrich Gotthold Jacobäer;Voyages and travels;['zuz', 'book', 'collections', 'nagezh'];266
oai:www.e-rara.ch:11203987;['Des  Herrn Abbé Rochon Mitglieds der Academien zu Paris und Petersburg ... Reise nach Madagascar und Ostindien', 'Reise nach Madagascar und Ostindien'];Rochon, Alexis;1792;ger;im Verlag der dasigen Zeitungsdruckerey;;['zuz', 'book', 'collections', 'nagezh'];153
oai:www.e-rara.ch:11259235;Voyage à Canton, capitale de la province de ce nom, à la Chine : par Gorée, le cap de Bonne-Espérance et les isles de France et de la Réunion;Charpentier de Cossigny, Joseph François;['1798', '1799'];fre;Chez André, imp.-libraire ...;;['zuz', 'book', 'collections', 'nagezh'];141
oai:www.e-rara.ch:11274965;The  dangerous voyage of Capt. Thomas James, in his intended discovery of a northwest passage into the South Sea : wherein the misteries indured, both going, wintering, and returning, and the rarities ... : With an appendix concerning the longitude, by Master Gellibrand, ...;James, Thomas;1740;eng;printed in 1633, and now reprinted for O. Payne ...;Discovery and Colonization;['zuz', 'book', 'collections', 'nagezh'];275
oai:www.e-rara.ch:11275132;['Sandys Voyagien, behelsende een historie van de oorspronckelijcke ende tegenwoordige standt des Turcksen Rijcks ... als mede van Egypten ... neffens een beschrijvinge van het H. Landt ... eyndelyck, Italien beschreven met hare nabuerighe eylanden ...', 'Sandys Voyage ofte een beschrijvinge vant Heylich-landt vande Iooden en verscheijden secten der christenen aldaer van Ierusalem, het graff Christi, den tempel Salomons ...', 'Voyagien, behelsende een historie van de oorspronckelijcke ende tegenwoordige standt des Turcksen Rijcks'];Sandys, George;1665;dut;by Baltes Boeckholt ...;;['zuz', 'book', 'collections', 'nagezh'];537
oai:www.e-rara.ch:11339971;Voyage et avantures de François Leguat, & de ses compagnons, en deux isles desertes des Indes orientales : avec la relation des choses les plus remarquables, qu'ils ont observées dans l'Isle Maurice, à Batavia, au Cap de Bonne-Espérance, dans l'Isle St. Hélène ...;Le Guat, François;1708;fre;chez David Mortier ...;;['zuz', 'book', 'collections', 'nagezh'];264
oai:www.e-rara.ch:11428088;Nouveau voyage à la mer du Sud : commencé sous les ordres de M. Marion ... & achevé, après la mort de cet officier, sous ceux de M. le Chevalier Duclesmeur ... : on a joint à ce voyage un extrait de celui de M. de Surville dans les mêmes parages;Marion du Fresne, Marc-Joseph;1783;fre;chez Barrois l'aîné ...;;['zuz', 'book', 'collections', 'nagezh'];245
oai:www.e-rara.ch:11452607;Histoire d'un voyage aux isles Malouines, fait en 1763 et 1764 : avec des observations sur le détroit de Magellan et sur les Patagons;Pernety, Antoine Joseph;1770;fre;['chez Saillant & Nyon ...', 'Delalain'];;['zuz', 'book', 'collections', 'nagezh'];133
oai:www.e-rara.ch:11526317;Australie : un voyage à travers le bush;Marcet, Edouard;1868;fre;Impr. de J.-G. Fick;;['zuz', 'book', 'ch', 'ch19', 'collections', 'nagezh'];39
oai:www.e-rara.ch:11580596;"['Wouter Schoutens Oost-Indische Voyagie : vervattende veel voorname voorvallen en ongemeene vreemde geschiedenissen, bloedige Zee- en Landt-gevechten tegen de Portugeesen en Makassaren; Belegering, Bestorming, en Verovering van veel voorname Steden en Kasteelen : mitsgaders een curieuse Beschrijving der voornaemste Landen, Eylanden, Koninckrijcken en Steden in Oost-Indien ... : als oock Sijn seer gevaerlijcke Wederom-Reyse ...', 'Aanmercklijke Voyagie gedaan door Wouter Schouten naar Oost-Indien', 'Oost-Indische Voyagie']";Schouten, Wouter;1676;dut;['by Jacob Meurs ...', 'en Johannes van Someren ...'];;['zuz', 'book', 'collections', 'nagezh'];528
oai:www.e-rara.ch:11683839;Voyage autour du monde, sur le vaisseau de sa Majesté Britannique l'Endeavour, ... : précédé d'un discours en forme d'introduction sur les principaux navigateurs anglais et français qui ont précédé l'Endeavour : suivi d'un abrégé des deux derniers voyages du capitaine Cook;Parkinson, Sydney;1797;fre;de l'imprimerie de Guillaume, ...;;['zuz', 'book', 'collections', 'nagezh'];273
oai:www.e-rara.ch:11685282;['Persianische und Ost-Indianische Reis : welche Frantz Caspar Schillinger ... mit P. Wilhelm Weber und P. Wilhelm Mayer, aus der Societät Jesu, durch das türckische Gebiet im Jahr 1699 angefangen, und 1702 vollendet : darbey ein warhaffter Bericht etlicher Begebenheiten ... : neben Beschreibung vieler orientalischen Völckern ... mit beygesetzter Darstellung deren zahmen und wilden Thieren in Indien ...', 'Persianische und Ost-Indianische Reÿs-Beschreibung'];Schillinger, Franz Caspar;1709;ger;in Verlegung Johann Christoph Lochners ...;;['zuz', 'book', 'collections', 'nagezh'];462
oai:www.e-rara.ch:11699840;Voyage autour du monde, commencé en 1708 & fini en 1711;Rogers, Woodes;1716;fre;chez la veuve de Paul Marret;;['zuz', 'book', 'collections', 'nagezh'];55
oai:www.e-rara.ch:11716194;['Des  Herrn von Lesseps ... Reise von Kamtschatka nach Frankreich', 'Reise von Kamtschatka nach Frankreich'];Lesseps, Jean-Baptiste-Barthélemy de;1791;ger;bei Johann Friedrich Hartknoch;;['zuz', 'book', 'collections', 'nagezh'];109
oai:www.e-rara.ch:11741905;['Jacobs de Bucquoy, Landmessers und Landchartenverfertigers in Diensten der ostindischen Compagnie, Sechzehenjährige Reise nach Indien : nebst einem Auszuge aus Jacob Frankens unglücklicher Reise in den Jahren 1756-1760', 'Sechzehenjährige Reise nach Indien'];Bucquoi, Jakob de;1771;ger;bey Christian Gottlob Hilscher;;['zuz', 'book', 'collections', 'nagezh'];260
oai:www.e-rara.ch:11748905;['Peter Carl Zimmermanns Reise nach Ost- und West-Indien', 'Reise nach Ost- und West-Indien'];Zimmermann, Peter Carl;1771;ger;bey Buchenröder und Ritter;;['zuz', 'book', 'collections', 'nagezh'];93
oai:www.e-rara.ch:11749285;Tagebuch einer zween monatlichen Reise, welche in der Absicht die Religion bey den Grenzeinwohnern von Pensilvanien zu befördern, und das Christenthum bey den Indianern, welche auf der westlichen Seite des Alegh-geny Gebürgs wohnen, einzuführen, unternommen worden : nebst einem Anhang, welcher Anmerkungen über die Sprache und Gebräuche etlicher besonderer indianischer Stämme ... enthält;Beatty, Charles;1771;ger;in Joh. Georg Fleischers Buchhandlung;;['zuz', 'book', 'collections', 'nagezh'];389
oai:www.e-rara.ch:11760149;Voyages de François Coreal aux Indes occidentales : contenant ce qu'il y a vu de plus remarquable pendant son séjour depuis 1666 jusqu'en 1667;Coreal, Francisco;1722;fre;chez André Cailleau, ...;;['zuz', 'book', 'collections', 'nagezh'];142
oai:www.e-rara.ch:11761067;Voyages de Jean Ovington, faits à Surate, & en d'autres lieux de l'Asie & de l'Afrique : avec l'histoire de la révolution du Royaume de Golconde, et des observations sur les vers à soye;Ovington, John;1725;fre;chez Guillaume Cavelier fils ...;;['zuz', 'book', 'collections', 'nagezh'];185
oai:www.e-rara.ch:11764845;Voyage aux îles de Lipari fait en 1781, ou, Notices sur les îles Aeoliennes pour servir à l'histoire des volcans : suivi d'un mémoire sur une espèce de volcan d'air, & d'un autre sur la température de climat de Malthe, & sur la différence de la chaleur réelle & de la chaleur sensible;Dolomieu, Déodat de;1783;fre;[l'imprimerie de Chardon];;['zuz', 'book', 'collections', 'nagezh'];284
oai:www.e-rara.ch:11784017;"['M. Peter Högströms Missionar. und Pastor. zu Gelliware Beschreibung des der Crone Schweden gehörenden Lapplandes : ; nebst Arwid Ehrenmals Reise durch West-Nordland nach der Lappmark Asehle', 'Beschreibung des der Crone Schweden gehörenden Lapplandes']";Högström, Pehr;1748;ger;verlegts Gabriel Christian Rothe;;['zuz', 'book', 'collections', 'nagezh'];254
oai:www.e-rara.ch:11840930;['Des Herrn Thiery de Menonville Reise nach Quaxaca in Neu-Spanien', 'Reise nach Guaxaca in Neu-Spanien'];Thiery de Menonville, Nicolas J...;1789;ger;in der Weygandschen Buchhandlung;;['zuz', 'book', 'collections', 'nagezh'];105
oai:www.e-rara.ch:11929034;Relation ou voyage de l'isle de Ceylan, dans les Indes Orientales : contenant une description exacte de cette isle, la forme de son gouvernement, le commerce, les moeurs, les coûtumes, & la religion de ses habitans;Knox, Robert;1693;fre;chez Paul Marret ...;;['zuz', 'book', 'collections', 'nagezh'];214
oai:www.e-rara.ch:11936457;Voyage De Robertson Aux Terres Australes;[s.n.];1766;fre;[ohne Drucker];;['zuz', 'book', 'collections', 'nagezh'];40
oai:www.e-rara.ch:11958523;Essais historiques sur l'Inde : précédés d'un journal des voyages et d'une description géographique de la côte de Coromandel;Flotte de la Roche, Antoine Joseph Arnaud de;1769;fre;chez Herissant le fils, libraire ...;;['zuz', 'book', 'collections', 'nagezh'];124
oai:www.e-rara.ch:11959155;['Lionel Wafers Merckwürdige Reisen nach der Erd-Enge Darien : auch durch die Süd-See und das mittägige atlantische Meer : nebst einer Reise Davis nach den spanischen Gold-Minen und Anhange der nützlichsten und sonderbarsten Natur-Gaben in den Gegenden von Darien', 'Merckwürdige Reisen nach der Erd-Enge Darien'];Wafer, Lionel;1759;ger;Druck und Verlag Joh. Christoph Mich. Vesters;;['zuz', 'book', 'collections', 'nagezh'];313
oai:www.e-rara.ch:11971599;Histoire naturelle et civile de la Californie : contenant une description exacte de ce pays, de son sol, de ses montagnes, lacs, rivières et mers, de ses animaux, végétaux, minéraux, et de sa fameuse pêcherie des perles, les moeurs de ses habitans, leur religion, leur gouvernement, et leur façon de vivre avant leur conversion au christianisme, un détail des différens voyages, et tentatives qu'on a faites pour s'y établir, et reconnoître son golfe et la côte de la mer du Sud ...;Venegas, Miguel;1767;fre;chez Durand, libraire, ...;;['zuz', 'book', 'collections', 'nagezh'];482
oai:www.e-rara.ch:11973455;Nouveau voyage au tour du monde;La Barbinais Le Gentil, Étienne de;1728;fre;[s.n.];;['zuz', 'book', 'collections', 'nagezh'];31
oai:www.e-rara.ch:11998473;Voyage à la Baye de Hudson : fait en 1746 & 1747 par les navires le Dobbs-Galley & la California, pour la découverte d'un passage au Nord-Ouëst, avec une description éxacte de la côte ...;Ellis, Henry;1750;fre;de l'imp. d'Ellie Luzac;;['zuz', 'book', 'collections', 'nagezh'];187
oai:www.e-rara.ch:12311267;Resa uti Europa, Africa, Asia, förrättad åren 1770-1779;Thunberg, Carl Peter;['1788', '1793'];swe;tryckt hos directeur. Joh. Edman;Voyageurs suédois;['zuz', 'book', 'collections', 'nagezh'];55
oai:www.e-rara.ch:12466658;Voyage d'Innigo de Biervillas, portugais, à la côte de Malabar, Goa, Batavia & autres lieux des Indes Orientales : contenant une description des moeurs,coutumes, & religion des indiens ...;Saunier de Beaumont;1736;fre;chez Gregoire-Antoine Dupuis ...;;['zuz', 'book', 'collections', 'nagezh'];188
oai:www.e-rara.ch:12604013;Reise nach Hudsons Meerbusen : welche von zweyen englischen Schiffen, der Dobbs-Galley und California, in den Jahren 1746 und 1747 wegen Entdeckung einer nordwestlichen Durchfahrt in die Süd-See verrichtet worden : nebst einer richtigen Abzeichnung der Küste, und einer kurzen Naturgeschichte des Landes ...;Ellis, Henry;1750;ger;verlegts Abram Vandenhoeck;;['zuz', 'book', 'collections', 'nagezh'];307
oai:www.e-rara.ch:12609402;Voyage d'Alep à Jérusalem, à Pâques en l'année 1697;Maundrell, Henry;1705;fre;chez Guillaume van Poolsum ...;;['zuz', 'book', 'collections', 'nagezh'];51
oai:www.e-rara.ch:12801890;['D. Johann Georg Gmelins der Chemie und Kräuterwissenschaft auf der hohen Schule zu Tübingen öffentlichen Lehrers Reise durch Sibirien, von dem Jahre 1733-1743', 'Reise durch Sibirien, von dem Jahr 1733-1743'];Gmelin, Johann Georg;['1751', '1752'];ger;verlegts Abram Vandenhoecks seel., Wittwe;;['zuz', 'book', 'collections', 'nagezh'];210
oai:www.e-rara.ch:12850844;Voyage aux Indes orientales;Grose, John Henry;1758;fre;['chez la Veuve Panckouke', 'Desaint & Saillant', 'Michel Lambert'];;['zuz', 'book', 'collections', 'nagezh'];27
oai:www.e-rara.ch:12882482;Voyage de l'Arabie heureuse : par l'océan Oriental, & le détroit de la Mer Rouge, fait par les François pour la première fois, dans les années 1708, 1709 et 1713 : avec la relation particulière d'un voyage fait du port de Moka à la cour du Roy d'Yemen dans la seconde expédition des années 1711, 1712 & 1713 : un mémoire concernant l'arbre & le fruit du café ...;La Roque, Jean de;1716;fre;chez Steenhouwer et Uytwerf ...;;['zuz', 'book', 'collections', 'nagezh'];362
oai:www.e-rara.ch:12928304;Dagverhaal Van Eene Reis Van De Kaap De Goede Hoop In De Binnenlanden Van Afrika, Ondernoomen In Den Jaaren 1790 en 1791 Door Jakob Van Reenen En Andere, Naar Het Wrak Van Het Engelsch Oost-Indisch Compagnie Schip De Grosvenor, om te ontdekken of 'er nog enige schipbreukelingen in leven waren : Uit Het Engelsch Vertaald;Riou, Edward;1793;dut;by A. en J. Honkoop;;['zuz', 'book', 'collections', 'nagezh'];321
oai:www.e-rara.ch:12936539;Manuel du naturaliste : ouvrage utile aux voyageurs, &;Duchesne, Henri Gabriel;1776;fre;chez G. Desprez ...;;['zuz', 'book', 'collections', 'nagezh'];54
oai:www.e-rara.ch:12950523;Troisième voyage de Cook, ou, Journal d'une expédition faite dans la mer Pacifique du Sud & du Nord, en 1776, 1777, 1778, 1779 & 1780;Rickmann, John;1783;fre;['chez Poinçot ...', 'chez Belin ...'];;['zuz', 'book', 'collections', 'nagezh'];133
oai:www.e-rara.ch:12952008;Voyages autour du monde, et vers les deux pôles, par terre et par mer, pendant les années 1767, 1768, 1769, 1770, 1771, 1772, 1773, 1774 & 1776;Pagès, Pierre Marie François de;1782;fre;chez Moutard, imprimeur-libraire de la Reine, ...;;['zuz', 'book', 'collections', 'nagezh'];143
oai:www.e-rara.ch:12963522;Schicksale eines Schweizers während seiner Reise nach Jerusalem und dem Libanon : von ihm selbst beschrieben;Mayr, Johann Heinrich;1815;ger;Huber und Compagnie;;['zuz', 'book', 'ch', 'ch19', 'collections', 'nagezh'];108
oai:www.e-rara.ch:12985230;Recueil des voiages qui ont servi à l'établissement & aux progrès de la compagnie des Indes orientales : formée dans les Provinces-Unies des Païs-Bas;Renneville, Constantin de;['1710', '1725'];fre;aux dépens d'Estienne Roger, marchand libraire, ...;;['zuz', 'book', 'collections', 'nagezh'];149
oai:www.e-rara.ch:13044457;"[""Paul Erdmann Isert's ehemahl. königl. dänisch. Oberarzte an den Besizzungen in Afrika, Reise nach Guinea und den Caribäischen Inseln in Columbien, in Briefen an seine Freunde beschrieben"", 'Reise nach Guinea und den Caribäischen Inseln in Columbien, in Briefen an seine Freunde beschrieben']";Isert, Paul Erdmann;1788;ger;gedrukt bey J.F. Morthorst ...;;['zuz', 'book', 'collections', 'nagezh'];293
oai:www.e-rara.ch:13058251;"[""Carl Gustav Ekeberg's königlich Schwedischen Schifs-Kapitains Ostindische Reise in den Jahren 1770 und 1771 : in drey Briefen an den Secretair der königl. Schwedischen Academie der Wissenschaften beschrieben"", 'Ostindische Reise in den Jahren 1770 und 1771']";Ekeberg, Carl Gustaf;1785;ger;bey Johann Gottlob Immanuel Breitkopf;;['zuz', 'book', 'collections', 'nagezh'];260
oai:www.e-rara.ch:13095827;Land- und Seereisen eines St. Gallischen Kantonsbürgers nach Nordamerika und Westindien, über Amsterdam nach Baltimore, Pitzburg, Gallipoli, Sensanetta, Neu-Vevay, die Gegend Wabasch am Ohio, Natschet, Battonrouge und Neu-Orleans am Missisippi etc. und wieder zurück nach Amsterdam in den Jahren 1816, 1817 und 1818 : enthaltend viele gute und widrige Schicksale, verschiedene Sitten amerikanischer Völker, insonderheit von Negern und Wilden etc;Büechler, Johann Ulrich;1819;ger;Zollikofer und Züblin;;['zuz', 'book', 'ch', 'ch19', 'collections', 'nagezh'];445
oai:www.e-rara.ch:13136641;"[""Nouveau voyage aux Grandes Indes, avec une instruction pour le commerce des Indes orientales : et la description de plusieurs isles, villes, & rivieres, l'histoire des plantes & des animaux qu'on y trouve"", 'avec  un traité des maladies particulières aux pays orientaux & dans la route, & de leurs remedes']";Luillier-Lagaudiers;1726;fre;chez Jean Hofhout;;['zuz', 'book', 'collections', 'nagezh'];309
oai:www.e-rara.ch:13138041;Reisen nach Peru, Acadien und Egypten : worin die Merkwürdigkeiten der Natur und die Kunst in diesen Ländern, nebst den Sitten und Gewohnheiten der Einwohner beschrieben werden;Granger, Claude;1751;ger;verlegts Abram Vandenhoeks seel. Wittwe;;['zuz', 'book', 'collections', 'nagezh'];176
oai:www.e-rara.ch:13172287;Neue Reisen nach Guiana, Peru und durch das südliche Amerika : worin die Merkwürdigkeiten dieser Länder nebst den Sitten und Gewohnheiten der Einwohner beschrieben werden;Barrère, Pierre;1751;ger;verlegts Abram Vandenhöecks seel., Wittwe;;['zuz', 'book', 'collections', 'nagezh'];170
oai:www.e-rara.ch:13182852;Relation de l'ambassade de Mr. le chevalier de Chaumont a la cour du roy de Siam : avec ce qui s'est passé de plus remarquable durant son voyage;Chaumont, Alexandre de;1686;fre;chez Pierre Mortier;['Travel', 'Chaumont, Alexandrechevalier ded. 1710'];['zuz', 'book', 'collections', 'nagezh'];144
oai:www.e-rara.ch:13185019;"[""Relation d'un voyage fait en 1695, 1696 et 1697 aux côtes d'Afrique, détroit de Magellan, Brésil, Cayenne et isles Antilles, par une escadre des vaisseaux du Roi, commandée par M. de Gennes"", 'Relation du voyage de Mr. de Gennes au detroi de Magellan']";Froger, François;1699;fre;chez les héritiers d'Antoine Schelte;;['zuz', 'book', 'collections', 'nagezh'];254
oai:www.e-rara.ch:13284564;Supplément au Voyage de M. de Bougainville ou Journal d'un Voyage Autour du Monde;Banks, Joseph;1773;fre;de l'imprimerier de la Societé typographique;;['zuz', 'book', 'ch', 'ch18', 'collections', 'nagezh'];81
oai:www.e-rara.ch:13387808;"[""Voyage du chevalier Des Marchais en Guinée, isles voisines et a Cayenne, fait en 1725, 1726 & 1727 : contenant une description très exacte & très étenduë de ces païs, & du commerce qui s'y fait ..."", 'Nouveau voyage De Guinée Isles Voisines Et Cayenne']";Labat, Jean-Baptiste;1731;fre;aux dépens de la Compagnie;;['zuz', 'book', 'collections', 'nagezh'];255
oai:www.e-rara.ch:14058046;"Voyage Fait Par Ordre Du Roi En 1750 Et 1751, Dans L'Amérique Septentrionale : Pour rectifier les Cartes des Côtes de L'Acadie, de L'Isle Royale & de L'Isle De Terre-Neuve; Et pour en fixer les principaux points par des Observations Astronomiques";Chabert, Joseph Bernard de;1753;fre;De L'Imprimerie Royale;;['zuz', 'book', 'collections', 'nagezh'];246
oai:www.e-rara.ch:14058840;Histoire Naturelle Du Sénégal : Coquillages. : Avec la Relation abrégée d'un Voyage fait en ce pays, pendant les années 1749, 50, 51, 52 & 53 ...;Adanson, Michel;1757;fre;Chez Claude-Jean-Baptiste Bauche, Quai des Augustins ...;;['zuz', 'book', 'collections', 'nagezh'];145
oai:www.e-rara.ch:14411919;"Relation D'Un Voyage Du Levant, Fait Par Ordre Du Roi : Contenant L'Histoire Ancienne & Moderne de plusieurs Isles de l'Archipel, de Constantinople, des Côtes de la Mer Noire, de l'Armenie, de la Georgie, des Frontieres de Perse & de l'Asie Mineure. Avec Les Plans des Villes et des Lieux Considerables; Le Genie, les Moeurs, le Commerce et la Religion des differentes Peuples qui les habitent; Et l'Explication des Médailles et des Monumens Antiques. Enrichie de Descriptions & de Figures d'un grand nombre de Plantes rares, de divers Animaux; Et de plusieurs Observations touchant l'Histoire Naturelle";Tournefort, Joseph Pitton de;1717;fre;Chez Anisson et Posuel;;['zuz', 'book', 'collections', 'nagezh'];603
oai:www.e-rara.ch:14435970;"[""Voyage Philosophique Politique Et Litteraire, Fait En Russie Pendant Les Années 1788 et 1789 : Ouvrage dans lequel on trouvera avec beaucoup d'anecdotes, tout ce qu'il y a de plus intéressant et de vrai sur les moeurs des Russes, leur population, leurs opinions religieuses..."", 'Voyage en Russie']";[s.n.];1794;fre;Chez Briand, libraire, Quai des Augustins no. 50;;['zuz', 'book', 'collections', 'nagezh'];300
oai:www.e-rara.ch:14438471;Voyage A La Mer Rouge, Sur Les Cotes De L'Arabie, En Egypte Et Dans Les Déserts De La Thébaide : Suivi d'un autre, de Venise à Bassorah par Latiqué, Alep, les déserts, etc. dans les années 1780 et 1781;Irwin, Eyles;1792;fre;Chez Briand, Libraire, Quai des Augustins, N°. 50;;['zuz', 'book', 'collections', 'nagezh'];201
oai:www.e-rara.ch:14633129;Voyage Dans La Palestine, Vers le Grand Emir, Chef des Princes Arabes du Desert, connus sous le nom de Bedouïns, ou d'Arabes Scenites, qui se disent la vraïe posterité d'Ismaël fils d'Abraham : Fait Par Ordre Du Roi Louis XIV;"[""Arvieux, Laurent d'"", ""Abu-'l-Fid?? Ism???l Ibn-?Al?""]";1718;fre;Chez Steenhouwer & Uytwerf, Libraires sur le Rockin, vis à vis la Porte de la Bourse;;['zuz', 'book', 'collections', 'nagezh'];225
oai:www.e-rara.ch:14683119;Journal of a Voyage to New South Wales : with Sixty-five Plates of Non descript Animals, Birds, Lizards, Serpents, curious Cones of Trees and other Natural Productions;White, John;1790;eng;Printed for J. Debrett, Piccadilly;;['zuz', 'book', 'collections', 'nagezh'];167
oai:www.e-rara.ch:14683621;Voyage Historique D'Abissinie;Lobo, Jeronimo;1728;fre;Chez P. Gosse & J. Neaulme;;['zuz', 'book', 'collections', 'nagezh'];29
oai:www.e-rara.ch:14684430;Voyage Dans L'Intérieur De La Chine Et En Tartarie : Fait Dans Les Années 1792, 1793 et 1794 Par Lord Macartney, Ambassadeur du Roi d'Angleterre auprès de l'Empereur de la Chine;['Staunton, George Leonard', 'Hüttner, Johann Christian'];1799;fre;Chez F. Buisson, Imprimeur-Libraire, rue Hautefeuille, No 20;;['zuz', 'book', 'collections', 'nagezh'];177
oai:www.e-rara.ch:14686814;"[""Voyage Du Chevalier Des Marchais En Guinée, Isles Voisines Et A Cayénne, Fait en 1725, 1726 &1727 : Contenant une Description très exacte & très étendue de ces Pais, & du Commerce qui s'y fait. Enrichi d'un grand nombre de Cartes et de Figures en Tailles douces"", 'Nouveau Voyage De Guinée Isles Voisines Et Cayenne']";Labat, Jean-Baptiste;1730;fre;Chez Guillaume Saugrain, Quai de Gefvres, à la Croix Blanche;;['zuz', 'book', 'collections', 'nagezh'];319
oai:www.e-rara.ch:14708141;"[""Voyages Historiques Et Géographiques Dans Les Pays Situés Entre La Mer Noire Et La Mer Caspienne : contenant des détails nouveaux sur les peuples qui les habitent, des observations relatives à la topographie ancienne et moderne de cette contrée, un vocabulaire des dialectes du Coucase et deux grandes cartes géographiques. suivis d'Un voyage en Crimée et dans les parties méridionales de l'empire Russe"", ""suivis d'Un  voyage en Crimée et dans les parties méridionales de l'empire Russe""]";[s.n.];1798;fre;Chez Deterville, Libraire, Rue Du Battoir, No 16, Près Celle De L'épéron, Quartier De L'Odéon;;['zuz', 'book', 'collections', 'nagezh'];491
oai:www.e-rara.ch:14722970;"[""Voyage En Retour De L'Inde, Par Terre, Et Par Une Route En Partie Inconnue Jusqu'Ici ... Suivi D'Observations Sur Le Passage Dans l'Inde Par L'Egypte Et Le Grand Désert Par James Capper"", ""Voyages Dans L'Inde, Par Terre""]";['Howel, Thomas', 'Capper, James'];1797;fre;De L'Imprimerie De La Republique;;['zuz', 'book', 'collections', 'nagezh'];223
oai:www.e-rara.ch:14734374;"Relation D'Un Voyage Dans La Mer Du Nord, Aux Côtes d'Islande, du Groenland, de Ferro, de Schettland; des Orcades & de Norwége; fait en 1767 et 1768";Kerguelen-Trémarec, Yves-Joseph;1772;fre;Arkstée et Merkus;;['zuz', 'book', 'collections', 'nagezh'];148
oai:www.e-rara.ch:14782238;Relation Du Voyage De La Mer Du Sud Aux Côtes Du Chily Et Du Perou : Fait pendant les années 1712, 1713 & 1714 : Dediée à S. A. R. Monseigneur Le Duc D'Orleans, Regent du Royaume;Frézier, Amédée François;1716;fre;"['Chez Jean-Geoffroy Nyon, Quay de Conti, au coin de la rue Guenegaud, au Nom deJesus', 'Chez Etienne Ganeau, rue Saint Jacques, aux Armes de Dombes, vis-à-vis la Fontaine de S. Severin', ""Chez Jacque Quillau, Imprimeur-Juré-Libraire, rue Galande, aux Armes de l'Université""]";;['zuz', 'book', 'collections', 'nagezh'];178
oai:www.e-rara.ch:14800475;Voyages Dans L'Isle De Chypre, La Syrie Et La Palestine, Avec l'Histoire Générale Du Levant;Mariti, Giovanni;1791;fre;Chez La Société Typographique;;['zuz', 'book', 'collections', 'nagezh'];91
oai:www.e-rara.ch:14809016;"Suite Du Voyage De Levant : Dans Laquelle Après Plusieurs Remarques tres-singulieres sur des particularitez de l'Egypte, de la Syrie, de la Mesopotamie, de l'Euphrate & du Tygre, Il Est Traité De La Perse, Et Avtres Estats sujets au Roy de Perse, ainsi que de sa Cour, & des Religions, Gouvernemens, moeurs, forces, Langues, Sciences, Arts& Coûtumes des Peuples de ce grand Empire : Et Aussi Des Antiquitez De Tchehelminar & autres lieux vers l'ancienne Persepolis: Et particulierement de la route exacte de ce grand Voyage, tant par Terre en Turquie & en Perse, que par Mer dans la Mediteranée, Golfe Persique & Mer des Indes ; Seconde Partie";Thevenot, Jean de;1674;fre;Chez Charles Angot, Libraire-Juré, ruë saint Jacques, au Lyon d'Or;;['zuz', 'book', 'collections', 'nagezh'];643
oai:www.e-rara.ch:14810192;Recueil De Divers Voyages Curieux, Faits En Tartarie, En Perse Et Ailleurs : Enrichi de cartes Géographiques & de figures en taille douce : Divisez en Deux Tomes;Bergeron, Pierre;1729;fre;Aux depens de Pierre van der Aa;;['zuz', 'book', 'collections', 'nagezh'];161
oai:www.e-rara.ch:14810847;Voyage A La Nouvelle Guinée : Dans lequel on trouve la description des Lieux, des Observations physiques & morales, & des détails relatifs à l'Histoire Naturelle dans le Regne Animal & le Regne Végétal : Enrichi de cent vingt Figures en taille douce;Sonnerat, Pierre;1776;fre;Chez Ruault, Libraire, rue de la Harpe;;['zuz', 'book', 'collections', 'nagezh'];249
oai:www.e-rara.ch:14811529;"['Herrn Jonas Hanway zuverlässige Beschreibung seiner Reisen, von London durch Russland und Persien, und wieder zurück durch Rußland, Deutschland und Holland in den Jahren von 1742 bis 1750 : Worinnen die Großbritannische Handlung über die Caspische See, ... beschrieben; wie auch das Merkwürdigste von den Reichen, Provinzen und Städten ... erzählet wird : Nebst einer unparteyischen Historie des grossen Eroberers Nadir Kuli oder Kuli Chans', 'Herrn Jonas Hanway Beschreibung der neuesten Reichsveränderungen in Persien, worinnen nach einer kurzen Vorstellung der persischen Monarchie von ihrer ersten Stiftung an, die Regierungen des Schach Sultan Husseins, nebst dem Einfalle der Afghaner, des Sultans Mir Maghmuds und des Sultans Aschreffs, vornehmlich aber die Geschichte des berühmten Eroberers Nadir Kuli, von seiner Geburt an bis zu seinem Tode 1747, mit einigen beygefügten Umständen von der unglücklichen Regierung seines Nachfolgers Adil Schach enthalten sind']";Hanway, Jonas;1754;ger;bey Georg Christian Grund und Adam Heinrich Holle;;['zuz', 'book', 'collections', 'nagezh'];973
oai:www.e-rara.ch:14812910;Voyage En Divers Etats D'Europe Et D'Asie, Entrepris pour découvrir un nouveau Chemin à la Chine : Contenant Plusieurs Remarques curieuses de Physique, de Geographie, d'Hydrographie & d'Histoire : Avec une Description de la grande Tartarie, & des differens Peuples qui l'habitent;Avril, Philippe;1692;fre;"['Claude Barbin, au Palais sur le second Peron de la sainte Chapelle, rue saint Jacques', ""jean Boudot, à la Fontaine d'Or, rue saint Jacques"", ""George & Louis Josse, à la Couronne d'Epin, rue saint Jacques""]";;['zuz', 'book', 'collections', 'nagezh'];279
oai:www.e-rara.ch:14822368;"[""Voyages Du Sr. A. De La Motraye, En Europe, Asie, et Afrique : Où L'On Trouve Une Grande Varieté De Recherches Geographiques, Historiques & Politiques, sur l'Italie, la Grece, la Turquie, la Tartarie Crimée, & Nogaye, la Circassie, la Suede, la Laponie, &c. Avec Des Remarques Instructives Sur Les Moeurs, Coutumes, Opinions &c. des Peuples & des Païs où l'Auteur a voyagé; & des particularitez remarquables touchant les Personnes & les Auteurs distingués d'Angleterre, de France, d'Italie, de Suede &c. Comme Aussi Des Relations Fidelles des Evenemens considerables arrivées pendant plus de XXVI. années que l'Auteur a employées dans ses Voyages ... : Ouvrage enrichie d'un grand nombre de Cartes, Plans & Figures en Taille-douce, representant des choses rares & curieuses de l'Antiquité, comme des Medailles, Inscriptions, Idoles, Lampes & autres restes des ancienne Villes, Colonies & Peuples, ou des productions de l'Art & de la Nature &c"", 'Voyages Du Sr. A. De La Motraye, En Europe, En Asie Et En Afrique : En Deux Volumes']";La Mottraye, Aubry de;1727;fre;Chez T. Johnson & J. Van Duren;;['zuz', 'book', 'collections', 'nagezh'];1033
oai:www.e-rara.ch:14866592;"[""Les Voyage Dv Sievr Dv Loir : Ensemble De Ce Qvi Se passa à la mort du feu Sultan Mourat dans le Serrail, les ceremonies de ses funerailles; & celles de l'auenement à l'Empire de Sultan Hibraim son frere, qui luy succeda : Avec La Relation du Siege de Babylone fait en 1639. par Sultan Mourat"", 'Les Voyage Du Sieur Du Loir']";Du Loir, ...;1654;fre;Chez Francois Clovzier au Palais, en la Gallerie des Prisonniers, proche la Chancellerie;;['zuz', 'book', 'collections', 'nagezh'];327
oai:www.e-rara.ch:14867065;"[""Nouveau Voyage Aux Isles De L'Amerique : Contenant L'Histoire Naturelle De Ces Pays, l'Origine, les Mœurs, la Religion et le Gouvernement des Habitans anciens et modernes : Les Guerres et les Evenemens singuliers qui y sont arrivez pendant le long séjour que l'Auteur y a fait : Le Commerce Et Les Manufactures qui y sont établies,& les moyens de les augmenter : Ouvrage enrichi d'un grand nombre de Cartes, Plans, & Figures en Taille-douce"", ""Voyage Du Pere Labat, Aux Isles De L'Amerique. Contenant Une exacte Description des toutes ces Isles; des Arbres, Plantes, Fleurs & Fruits qu'elles produisent; des Animaux, Oiseaux, Reptiles & Poissons qu'on y trouve; des Habitans, de leurs Mœurs & Coutumes; des Manufactures, & du Commerce qu'on y fait &c. En II. volumes""]";Labat, Jean-Baptiste;1724;fre;Chez P. Husson. T. Johnson. P. Gosse. J. Van Duren. R. Alberts. & C. Le Vier;;['zuz', 'book', 'collections', 'nagezh'];770
oai:www.e-rara.ch:14871022;"Les  Famevx Voyages De Pietro Della Valle, Gentil-Homme Romain, Svrnommé L'Illvstre Voyagevr ... : Avec Vn Denombrement Tres-Exact des choses les plus curieuses, et les plus remarquables qu'ila veuës dans la Turquie, l'Egypte, la Palestine, la Perse, et les Indes Orientales, et que les Autheurs qui en ont cy deuant 'ecrit, n'ontiamais obseru'ees; Le tout 'ecrit en forme de Lettres, address'ees au Sieur Schipano son plus intime Amy";Della Valle, Pietro;['1662', '1665'];fre;Chez Gervais Clovzier, au Palais, sur les degrez de la Sainte Chappelle;;['zuz', 'book', 'collections', 'nagezh'];434
oai:www.e-rara.ch:14873872;Troisième Voyage Du Sieur Paul Lucas : Fait En M. DCCXIV, &c. Par Ordre De Louis XIV Dans La Turquie, l'Asie, La Sourie, La Palestine, La Haute Et La Basse Egypte &c. ...;Lucas, Paul;1719;fre;Chez Robert Machuel le jeune;;['zuz', 'book', 'collections', 'nagezh'];170
oai:www.e-rara.ch:14893750;Lettres édifiantes et curieuses sur la visite apostolique de M. de La-Baume evêque d'Halicarnasse à la Cochinchine en l'année 1740 ... : Où l'on voit les Voyages & les Travaux de ce zélé Prélat, la conduite des Missionnaires Jésuites & de quelques Autres, avec de nouvelles Observations, etc. : Pour servir de continuation aux Mémoires historiques du R. P. Norbert Capucin;Favre, Pierre-François;1746;fre;chez les frères Barzotti;Mission;['zuz', 'book', 'collections', 'nagezh'];372
oai:www.e-rara.ch:14904083;Reise nach Ostindien und China, auf Befehl des Königs unternommen vom Jahr 1774 bis 1781 : Mit Kupfern;Sonnerat, Pierre;1783;ger;bey Orell, Gessner, Füssli und Kompagnie;;['zuz', 'book', 'ch', 'ch18', 'collections', 'nagezh'];102
oai:www.e-rara.ch:14906223;Voyage Autour Du Monde, Par La Frégate Du Roi La Boudeuse, Et La Flûte L'Étoile : En 1766, 1767, 1768 & 1769;Bougainville, Louis-Antoine de;1771;fre;Chez Saillant & Nyon, Libraires ... De l'imprimerie de Le Breton ...;;['zuz', 'book', 'collections', 'nagezh'];108
oai:www.e-rara.ch:14907638;"A Voyage To New Guinea, And The Moluccas, From Balambangan : Including An Account of Magindano, Sooloo, and other Islands ; And Illustrated With Thirty Copperplates ; Performed In The Tartar Galley, Belonging To The Honourable East India Company, During the Years 1774, 1775, and 1776";Forrest, Thomas;1779;eng;"['Printed By G. Scott', 'And Sold By J. Robson, New Bond Street; J. Donaldson, Strand; G. Robinson, Paternoster-Row; And J. Bell, Edinburgh']";Magindanao language;['zuz', 'book', 'collections', 'nagezh'];284
oai:www.e-rara.ch:14916643;Voyages Faits Principalement En Asie Dans Les XII, XIII, XIV, Et XV Siecles;"['Binyamin ben Yonah', 'Johannes', 'Nicolaus', 'Rubruquis, Guilelmus de', 'Polo, Marco', ""Het'owm"", 'John', 'Contarini, Ambrogio', 'Bergeron, Pierre']";1735;fre;chez Jean Neaulme;;['zuz', 'book', 'collections', 'nagezh'];75
oai:www.e-rara.ch:14932893;['Joh. Jansz. Strauszens Sehr schwere, wiederwertige und Denckwürdige Reysen, durch Italien, Griechenland, Lifland, Moscau, Tartarey, Meden, Persien, Türckey, Ost-Indien, Japan, und unterschiedliche andere Länder ... Angefangen Anno 1647. und vollbracht 1673. begreiffende die Zeit gantzer 26. Jahre : Neben zweyen beygefügten Brieffen, verhandelende den greulichen Mord ... und Ubergabe der Stadt Astracan ... so Cap. David Butler ... zu Ispahan selbsten beschrieben hat', 'Sehr schwere, wiederwertige und denkwürdige Reysen, durch Italien, Griechenland, Lifland, Moscau, Tartarey ...', 'Johann J. Strauszens Reisen durch Griechenland, Moscau, Tartarey, Ostindien und andere Theile der Welt'];['Struys, Jan Janszoon', 'Butler, David'];1678;ger;bey Jacob von Meurs, und Johannes von Sommern, Buchhändlern daselbst;;['zuz', 'book', 'collections', 'nagezh'];693
oai:www.e-rara.ch:14933198;Journal Du Voyage Du Chevalier Chardin En Perse & aux Indes Orientales, par la Mer Noire & par la Colchide : Premiere Partie, Qui Contient Le Voyage de Paris à Ispahan;Chardin, John;1686;fre;Chez Moses Pitt;;['zuz', 'book', 'collections', 'nagezh'];167
oai:www.e-rara.ch:14933598;Voyages De Monsr. Shaw, M.D. Dans Plusieurs Provinces De La Barbarie Et Du Levant : Contenant Des Observations Géographiques, Physiques, Philologiques Et Melées Sur Les Royaumes D'Alger Et De Tunis, Sur La Syrie, L'Egypte Et L'Arabie Petrée : Avec Des Cartes Et Des Figures : Traduits de l'Anglois;Shaw, Thomas;1743;fre;Chez Jean Neaulme;;['zuz', 'book', 'collections', 'nagezh'];297
oai:www.e-rara.ch:14979549;"[""Les  Six Voyages De Monsieur J. B. Tavernier ... En Turquie, En Perse, Et aux Indes : Pendant l'espace de quarante ans, & par toutes les routes que l'on peut tenir: accompagnez d'observations particulieres sur la qualité, la Religion, le Gouvernement, les Coûtumes & le Commerce de chaque PaÏs, avec les Figures, les Poids, & la valeur des Monnoyes qui y ont cours"", ""Les Six VoTavernier, Jean-Baptisteyages de Jean Babtiste Tavernier ... qu'il a fait en Turquie, En Perse, Et aux Indes, pendant quarante ans 1712""]";Tavernier, Jean-Baptiste;1724;fre;Chez Jean-Babtiste Machuel le Pere, ruë Etoupée;;['zuz', 'book', 'collections', 'nagezh'];517
oai:www.e-rara.ch:15073375;An  Account Of The Voyages Undertaken By The Order Of His Present Majesty For Making Discoveries in the Southern Hemisphere, and successively performed by Commodore Byron, Captain Carteret, Captain Wallis, And Captain Cook, In the Dolphin, the Swallow, and the Endeavour : Drawn Up from the Journals which were kept by the several Commanders, And from the Papers of Joseph Banks, Esq;Hawkesworth, John;1773;eng;"Printed for W. Strahan; and T Cadell in the Strand";;['zuz', 'book', 'collections', 'nagezh'];383
oai:www.e-rara.ch:15085286;Les  Six Voyages De Jean Baptiste Tavernier, Ecuyer, Baron D'Aubonne, En Turquie, En Perse, Et aux Indes : Pendant l'espace de quarante ans, & par toutes les routes que l'on peut tenir : accompagnez d'observations particulieres sur la qualité, la religion, le gouvernement, les coûtumes & le commerce de chaque païs, avec les figures, le poids & la valeur des monnoyes qui y ont cours;Tavernier, Jean-Baptiste;1677;fre;Chez Gervais Clouzier, sur les degrez en montant pour aller à la Ste Chapelle, à l'Enseigne du Voyageur. au Palais, et Chez Claude Barbien, sur le second Perron de la sainte Chapelle. au Palais;;['zuz', 'book', 'collections', 'nagezh'];384
oai:www.e-rara.ch:15086693;"[""Voyages De Corneille Le Brun Par La Moscovie, En Perse, Et Aux Indes Orientales : Ouvrage enrichi De plus de 320. Tailles douces, des plus curieuses, Representant Les plus belles vuës de ces Païs ... Avec les Antiquitez de ces Païs, & particulierement celles du Fameux Palais De Persepolis. Que les Perses appellent Chelminar ... On y a ajoûté la route qu'a suivie Mr. Isbrants, Ambassadeur de Moscovie, En traversant la Russie & la Tartarie, pour se rendre à la Chine. Et quelques Remarques contre Mrs. Chardin & Kempfer. Avec une Lettre écrite à l'Auteur, sur ce sujet"", ""Avec une Lettre écrite à l'Auteur, sur ce sujet""]";Bruyn, Cornelis de;1718;fre;chez les frères Wetstein;;['zuz', 'book', 'collections', 'nagezh'];625
oai:www.e-rara.ch:15087517;Voyage Fait Par Ordre Du Roi En 1771 Et 1772, En Diverses Parties De L'Europe, De L'Afrique Et De L'Amérique : Pour vérifier l'utilité de plusieurs Méthodes & Instrumens, servant à déterminer la Latitude & la Longitude, tant du Vaisseau que des Côtes, Isles & Écueils qu'on reconnoît : Suivi De Recherches Pour Rectifier Les Cartes Hydrographiques;['Verdun de LaCrenne, Jean René Antoine de', 'Borda, Jean Charles de', 'Pingré, Alexandre Guy'];1778;fre;De l'Imprimerie Royale;;['zuz', 'book', 'collections', 'nagezh'];347
oai:www.e-rara.ch:15088561;"Recueil De Divers Voyages Faits En Afrique Et En L'Amérique : Qui N'Ont Point Esté Encore Publiez ; Contenant L'Origine, Les Moeurs, les Coûtumes & le Commerce des Habitans de ces deux Parties du Monde ; Avec des Traitez curieux touchant la Haute Ethyopie, le débordement du Nil, la mer Rouge, et le Prète-Jean ; ...";['Ligon, Richard', 'La Borde, ... de'];1684;fre;Chez la Veuve Ant. Cellier, ruë de la Harpe, à l'Imprimerie des Roziers;;['zuz', 'book', 'collections', 'nagezh'];316
oai:www.e-rara.ch:15106905;['A  Voyage Round The World : But More Particularly To The Noth-West Coast Of America: Performed In 1785, 1786, 1787, And 1788', 'A  Voyage Round The World Performed In 1785, 1786, 1787, And 1788'];Dixon, George;1789;eng;Published By Geo. Goulding, Haydn's Head, No. 6, James Street, Covent Garden;['Voyages and travels', 'Dixon, Georged. 1800?', 'Portlock, Nathaniel1748?-1817'];['zuz', 'book', 'collections', 'nagezh'];197
oai:www.e-rara.ch:15129172;Voyage De La Pérouse Autour Du Monde;La Pérouse, Jean-François de Galaup;1797;fre;De L'Imprimerie De La République;;['zuz', 'book', 'collections', 'nagezh'];36
oai:www.e-rara.ch:15193295;"[""Voyage Au Levant : C'est-à-dire, dans les Principaux endroits de l'Asie Mineure, Dans les Isles de Chio, Rhodes, Chypre, &c., De même que dans les plus considérables Villes d'Egypte, Syrie, & Terre Sainte"", ""Voyages De Corneille Le Bruyn Par La Moscovie, En Perse Et Aux Indes Orientales : Ouvrage enrichi d'un grand nombre de Figures en Taille-Douce, des plus curieuses""]";Bruyn, Cornelis de;1725;fre;['Chez Jean-Baptiste-Claude Bauche le fils ...', 'Chez Charies Ferrand ... & Robert Machuel ...'];;['zuz', 'book', 'collections', 'nagezh'];374
oai:www.e-rara.ch:15214008;"['Umbständliche und Eigentliche Beschreibung von Africa, Und denen darzu gehörigen Königreichen und Landschaften, als Egypten, Barbarien, Libyen, Biledulgerid, dem Lande der Negros, Guinea, Ethiopien, Abyssina, und den Africanischen Insulen : zusamt deren Verscheidenen Nahmen, Grentzen, Städten, Flüssen, ... und Regierung ; Wobey Die Land-Carten, und Abrisse der Städte, Trachten, [et]c. in Kupfer. Auss unterschiedlichen neuen Land- und Reise-Beschreibungen mit fleiss zusammen gebracht', 'Africae', 'Eigentliche Beschreibung der Insulen in Afrika']";Dapper, Olfert;['1670', '1671'];ger;bey Jacob von Meurs auf der Käisers-Graft in der Stadt Meurs;;['zuz', 'book', 'collections', 'nagezh'];552
oai:www.e-rara.ch:15217550;Relation D'Un Voyage Du Levant, Fait Par Ordre du Roi : Contenant L'Histoire Ancienne & Moderne de plusieurs Isles de l'Archipel, de Constantinople, des Côtes de la Mer Noire, de l'Arménie, de la Géorgie, des Frontières de Perse & de l'Asie Mineure;Tournefort, Joseph Pitton de;1718;fre;Aux dépens de La Compagnie;;['zuz', 'book', 'collections', 'nagezh'];248
oai:www.e-rara.ch:15218183;Voyage A La Martinique : Contenant Diverses Observations sur la Physique, l'Histoire Naturelle, l' Agriculture, les Mœurs, & les Usages de cette Isle, faites en 1751& dans les années suivantes : Lu à l'Académie Royale des Sciences de Paris en 1761;Chanvalon, Jean-Baptiste Thibault de;1763;fre;"Chez Cl. J. B. Bauche, Libraire, à Sainte Genevieve; & à Saint Jean dans le désert";;['zuz', 'book', 'collections', 'nagezh'];247
oai:www.e-rara.ch:15218532;"Voyage A La Mer Du Sud : Entrepris par ordre de S. M. Britannique pour introduire, aux Indes Occidentales, l'arbre à pain, et d'autres plantes utiles ; Avec une relation de la révolte à bord de son vaisseau";Bligh, William;1792;fre;['Chez Garnery, Libraire, rue Serpente', 'Chez Buisson, rue Haute-Feuille', 'Chez Desenne, au Palais-Royal', 'Chez Blanchon, rue Gîte-le-coeur'];;['zuz', 'book', 'collections', 'nagezh'];206
oai:www.e-rara.ch:15256973;Voyage Historique De L'Amerique Meridionale Fait Par Ordre Du Roi D'Espagne : Ouvrage Orné Des Figures, Plans Et Cartes Necessaires. Et Qui Contient Une Histoire Des Yncas Du Perou, Et les Observations Astronomiques & Physiques, faites pour déterminer la Figure & la Grandeur de la Terre;['Juan y Santacilia, Jorge', 'Ulloa, Antonio de'];1752;fre;Chez Arkstée & Merkus;;['zuz', 'book', 'collections', 'nagezh'];287
oai:www.e-rara.ch:15258348;['D. Johann Anton Güldenstädt Rußisch-Kayserl. Akademikers und Professors der Naturgeschichte ... Reisen durch Russland und im Caucasischen Gebürge', 'Reisen durch Russland und im Caucasischen Gebürge'];Güldenstädt, Johann Anton;['1787', '1791'];ger;bey der Kayserl. Akademie der Wissenschaften;;['zuz', 'book', 'collections', 'nagezh'];202
oai:www.e-rara.ch:15259834;Voyage A La Mer Du Sud, Fait Par Quelques Officiers Commandants Le Vaisseau Le Wager;Anson, George;1756;fre;Chez les Freres Duplain, Libraires, grande rue Merciere;;['zuz', 'book', 'collections', 'nagezh'];84
oai:www.e-rara.ch:15275214;"Voyage De François Pyrard, De Laval, Contenant Sa Navigation Aux Indes Orientales, Maldives, Moluques, & au Bresil : & les divers accidens qui luy sont arrivez en ce Voyage pendant son sejour de dix ans dans ces Païs : Avec Vne Description Exacte Des Moevrs, Loix, Façons de faire, ... ; Divisé En Trois Parties. Avec des Observations' Geographiques sur le present Voyage, qui contiennent entr'autres, l'Estat present des Indes, ...";['Pyrard, François', 'Duval, Pierre'];1679;fre;Chez Louis Billaine, en la grande Salle du Palais;;['zuz', 'book', 'collections', 'nagezh'];432
oai:www.e-rara.ch:15326370;Relation De L'Ambassade Anglaise, Envoyée En 1795 Dans Le Royaume D'Ava, Ou L'Empire Des Birmans : Suivie d'un Voyage fait, en 1798, à Colombo, dans l'Ile de Ceylan, et à la Baie de Da Lagoa, sur la côte orientale de l'Afrique : [Suivie] de la Description de L'Ile de Carnicobar et des Ruines de Mavalipouram;Symes, Michael;1800;fre;Chez F. Buisson, Imprimeur-Libraire ...;;['zuz', 'book', 'collections', 'nagezh'];308
oai:www.e-rara.ch:15326420;['Ost-Indische Reyse : Worin erzehlt wird Viel gedenckwürdiges, und ungemeine seltzame Sachen, bluhtige See- und Feld-schlachten, wieder die Portugisen und Makasser, Belägerungen, Bestürmungen, und Eroberungen vieler fürnehmen Städte und Schlösser', 'Walter Schultzen Gedenkwürdige Reise Nach Ostindien Gethan', 'Gedenkwürdige Reise nach Ostindien'];['Schouten, Wouter', 'Heiden, Frans J. van der'];1676;ger;bey Jacob von Meurs und Johannes von Sommeren, Kunst- und Buch-händlern daselbst;;['zuz', 'book', 'collections', 'nagezh'];349
oai:www.e-rara.ch:15349642;['The  Perillous and most Unhappy Voyages of John Struys : Through Italy, Greece, Lifeland, Moscovia, Tartary, Media, Persia, East-India, Japan, and other Places in Europe, Africa and Asia', 'The Voyages of I. Struys Through Moscovia, Tartary, India, and most of the Eastern-World'];['Struys, Jan Janszoon', 'Butler, David'];1683;eng;Printed for Samuel Smith, at the Princes Arms in s. Pauls Church-yard;;['zuz', 'book', 'collections', 'nagezh'];282
oai:www.e-rara.ch:15383286;"[""C. S. Sonnini's ... Reisen in Ober- und Niederägypten, auf Befehl der ehemaligen Regierung in Frankreich unternommen"", 'Reisen in Ober- und Niederägypten, auf Befehl der ehemaligen Regierung in Frankreich unternommen']";['Sonnini, Charles Sigisbert', 'Norry, Charles'];1800;ger;bei Wilh. Heinsius;;['zuz', 'book', 'collections', 'nagezh'];220
oai:www.e-rara.ch:15514068;Voyages De Richard Pockocke, Membre de la Société Royale, & de celle des Antiquités de Londres, &c. En Orient, dans l'Egypte, l'Arabie, la Palestine, la Syrie, la Grèce, la Thrace, &c. &c. &c : Contenant une description exacte de l'Orient & de plusieurs autres Contrées: comme la France, l'Italie, l'Allemagne, la Pologne, la Hongrie ...;Pococke, Richard;1772;fre;Chez J. P. Costard, Libraire, rue Saint-Jean-de-Beauvais;;['zuz', 'book', 'collections', 'nagezh'];337
oai:www.e-rara.ch:15559886;"Voyages Depuis St. Petersbourg En Russie, Dans Diverses Contrées De L'Asie : À Pékin, à la suite de l'Ambassade envoyée par le Czar Pierre I, à Kamhi, Empereur de la Chine; À Ispahan en Perse, avec l'Ambassadeur du même Prince, à Schah Hussein, Sophi de Perse; À Derbent en Perse, avec l'Armée de Russie, commandée par le Czar en Personne; À Constantinople, par ordre du Comte Osterman, Chancelier de Russie, & de M. Rondeau, Ministre d'Angleterre à la Cour de Russie. On y a joint une Description de la Sibérie, & une Carte des deux Routes de l'Auteur entre Moscow & Pékin";Bell, John;1766;fre;"Chez Robin, Liebraire, rue des Cordeliers; prè celle de la Comédie Françoise";;['zuz', 'book', 'collections', 'nagezh'];573
oai:www.e-rara.ch:15820351;"['Ambassades Mémorables De la Compagnie des Indes Orientales Des Provinces Unies, Vers les Empereurs Du Japon : Contenant plusieurs choses remarquables arrivées pendant le voyage des Ambassadeurs; Et deplus, la Description Des Villes, Bourgs, Châteaux, Forteresses, Temples & autres bâtimens ... Le tout Enrichi de Figures dessinées sur les lieux, & tiré des Mémoires des Ambassadeurs de la Compagnie', 'Ambassades vers les empereurs du Japon']";Montanus, Arnoldus;1680;fre;chés Jacob de Meurs, Merchand Libraire;;['zuz', 'book', 'collections', 'nagezh'];444
oai:www.e-rara.ch:15917483;Relation Du Voyage D'Adam Olearius En Moscovie, Tartarie, Et Perse : Augmentee En Cette Nouvelle Edition de plus d'un tiers, & particulierement d'une seconde Partie;Olearius, Adam;1679;fre;Chez Antoine Dezallier, ruë Saint Jacques, à la Couronne d'or;Voyages and travels;['zuz', 'book', 'collections', 'nagezh'];164
oai:www.e-rara.ch:15945110;Allgemeine Historie der Reisen zu Wasser und zu Lande : oder Sammlung aller Reisebeschreibungen, welche bis itzo in verschiedenen Sprachen von allen Völkern herausgegeben worden, und einen vollständigen Begriff von der neuern Erdbeschreibung und Geschichte machen : Worinnen der wirkliche Zustand aller Nationen vorgestellet, und das Merkwürdigste, Nützlichste und Wahrhaftigste in Europa, Asia, Africa und America ... enthalten ist : Mit nöthigen Landkarten ... und mancherley Abbildungen ... versehen;[s.n.];['1747', '1771'];ger;['bey Arkstee und Merkus', 'bey Heinrich Merkus'];;['zuz', 'book', 'collections', 'nagezh'];502
oai:www.e-rara.ch:16422880;['P. S. Pallas D. A. D. Professors der Natur-Geschichte ... Reise durch verschiedene Provinzen des russischen Reichs', 'Reise durch verschiedene Provinzen des russischen Reichs'];Pallas, Peter Simon;['1771', '1776'];ger;gedruckt bey der Kayserlichen Academie der Wissenschaften;;['zuz', 'book', 'collections', 'nagezh'];178
oai:www.e-rara.ch:16486984;Le  Voyage De La Terre-Sainte : Contenant Vne veritable description des lieux plus considerables que Nostre Seigneur a sanctisié de sa presence, Predications, Miracles & souffrances;Doubdan, Jean;1661;fre;Chez François Clovsier, dans la Court du Palais, prés l'Hostel de Mr le premier President;;['zuz', 'book', 'collections', 'nagezh'];181
oai:www.e-rara.ch:16519209;"[""Les  Voyages Famevx Dv Sievr Vincent Le Blanc Marseillois : Qu'il a faits depuis l'aage de douze ans jusques à soixante aux quatre parties du Monde"", 'Les  Voyages Fameux Du Sieur Vincent Le Blanc Marseillois']";['Le Blanc, Vincent', 'Coulon, Louis', 'Bergeron, Pierre'];1658;fre;['par Nicolas Oudot', 'chez Gervais Clousier au Palais, sur les degrez de la Saincte Chappelle'];;['zuz', 'book', 'collections', 'nagezh'];212
oai:www.e-rara.ch:16803893;The  Original Astronomical Observations Made In The Course Of A Voyage To The Northern Pacific Ocean, For The Discovery Of A North East Or North West Passage : Wherein The North West Coast Of America And North East Coast Of Asia Were Explored. In His Majesty's Ships the Resolution and Discovery, In The Years MDCCLXXVI , MDCCLXXVII, MDCCLXXVIII, MDCCLXXIX;['Cook, James', 'Bayly, William', 'King, James'];1782;eng;"['Printed By William Richardson, Printer', 'And Sold By P. Elmsly, In The Strand; And Mess. Mount And Page, On Tower-Hill; Booksellers To The Said Commissioners']";;['zuz', 'book', 'collections', 'nagezh'];356
oai:www.e-rara.ch:16975123;"[""The  Original Astronomical Observations Made In The Course Of A Voyage Towards the south pole, And Round The World, In his Majesty's ships the Resolution and Adventure, In the Years MDCCLXXII, MDCCLXXIII, MDCCLXXIV, and MDCCLXXV"", ""The  original astronomical observations made in the course of a voyage towards the south pole and round the world in his Majesty's ships the Resolution and Adventure in the years 1772, 1773, 1774, and 1775""]";['Wales, William', 'Bayly, William'];1777;eng;['printed by W. and A. Strahan', 'and sold by J. Nourse, in the Strand, and J. Mount and T. Page, on Tower-Hill, Booksellers to the said Board'];;['zuz', 'book', 'collections', 'nagezh'];441
oai:www.e-rara.ch:18425066;['Voyage aux régions équinoxiales du Nouveau Continent, fait en 1799, 1800, 1801, 1802, 1803 et 1804 / 4 Mimoses et autres plantes légumineuses du Nouveau Continent recueillies par MM. de Humboldt et Bonpland', 'Voyage de Humboldt et Bonpland / 4 Mimoses et autres plantes légumineuses du Nouveau Continent recueillies par MM. de Humboldt et Bonpland'];Kunth, Karl Sigismund;1819;fre;Libr. Grecque-Latine-Allemande;;['zuz', 'book', 'collections', 'nagezh'];352
